<?xml version="1.0" encoding="utf-8"?>
<resources>
    <style name="dialogStyle2" parent="Theme.AppCompat.Light.Dialog">
        <!--没有标题-->
        <item name="windowNoTitle">true</item>

        <!--背景透明-->
        <item name="android:windowIsTranslucent">false</item>
        <!--是否有覆盖-->
        <item name="android:windowContentOverlay">@null</item>
        <!--是否浮动-->
        <item name="android:windowIsFloating">true</item>
        <!--边框-->
        <item name="android:windowFrame">@null</item>
        <!--背景：透明-->
        <!--dialog的整个屏幕的背景是否有遮障层-->
        <item name="android:backgroundDimEnabled">true</item>
        <!--动画-->
    </style>
</resources>